{"id":"112638136365359060811666331781839957994_262650593813279","keys":{"data":[{"key":"ecs36b"},{"key":"Patrick Jane"},{"key":"Agent Lisbon"}],"count":3},"from":{"name":"Bertram","vsID":"25189023478912653590678189573729103123"},"to":{"data":[{"name":"Oracle","vsID":"112638136365359060811666331781839957994"}],"count":1},"message":{"content":"Do you know the list of Red John suspect?"},"created":{"time":"2020-06-02T16:37:27+0000"},"updated":{"time":"2020-06-04T16:45:18+0000"},"reactions":{"data":[{"from":{"name":"Peter","vsID":"1435196334234644184"},"type":"love","created":{"time":"2020-05-02T16:37:27+0000"}}],"count":1},"comments":{"data":[{"id":"25189023478912653590678189573729103123_1620182359912679_114000262652393","from":{"name":"Peter","vsID":"1435196334234644184"},"message":{"content":"That was a fake one. Tyger, Tyger!"},"created":{"time":"2020-06-02T16:41:17+0000"},"reactions":{"data":[{"from":{"name":"Peter","vsID":"1435196334234644184"},"type":"sad","created":{"time":"2020-06-02T16:37:27+0000"}},{"from":{"name":"Oracle","vsID":"112638136365359060811666331781839957994"},"type":"angry","created":"2020-06-02T16:39:14+0000"}],"count":2}}],"count":1},"is_published":true}

