{"id":"112638136365359060811666331781839957994_262650593813279","keys":{"data":[{"key":"ecs36b"},{"key":"Comcast"},{"key":"Oracle"}],"count":3},"from":{"name":"Oracle","vsID":"112638136365359060811666331781839957994"},"to":{"data":[{"name":"Oracle","vsID":"112638136365359060811666331781839957994"}],"count":1},"message":{"content":"Just got my Internet back. Good luck to all of us as Comcast\/Xfinity customers."},"links":{"data":[{"url":"https:\/\/www.facebook.com\/photo.php?fbid=10157251799685665","class name":"photo","object id":"281418948597993"}],"count":1},"actions":{"data":[{"name":"Comment","host url":"http:\/\/localhost:8384","owner vsID":"112638136365359060811666331781839957994","class name":"Post","object id":"262650593813279"},{"name":"Reaction","host url":"http:\/\/localhost:8385","owner vsID":"112638136365359060811666331781839957994","class name":"Post","object id":"262650593813279"}],"count":2},"created":{"time":"2020-05-02T16:37:27+0000"},"updated":{"time":"2020-05-02T16:45:18+0000"},"reactions":{"data":[{"from":{"name":"Peter","vsID":"1435196334234644184"},"type":"sad","created":{"time":"2020-05-02T16:37:27+0000"}}],"count":1},"comments":{"data":[{"id":"112638136365359060811666331781839957994_262650593813279_262652393813099","from":{"name":"Peter","vsID":"1435196334234644184"},"message":{"content":"Professor Wu, can I get an extension even though I am an AT&T customer"},"created":{"time":"2020-05-02T16:41:17+0000"},"reactions":{"data":[{"from":{"name":"Peter","vsID":"1435196334234644184"},"type":"love","created":{"time":"2020-05-02T16:37:27+0000"}},{"from":{"name":"Oracle","vsID":"112638136365359060811666331781839957994"},"type":"angry","created":{"time":"2020-05-02T16:39:14+0000"}}],"count":2}},{"id":"112638136365359060811666331781839957994_262650593813279_262654177146254","from":{"name":"Oracle","vsID":"112638136365359060811666331781839957994"},"message":{"content":"AT&T customers got negative two days extension!"},"created":{"time":"2020-05-02T16:45:15+0000"},"reactions":{"data":[{"from":{"name":"Peter","vsID":"1435196334234644184"},"type":"sarcastic","created":{"time":"2020-05-02T16:45:27+0000"}},{"from":{"name":"Oracle","vsID":"112638136365359060811666331781839957994"},"type":"happy","created":{"time":"2020-05-02T16:46:14+0000"}}],"count":2}}],"count":2},"is_published":true,"location":{"latitude":169.19999999999999,"longitude":-220.40000000000001}}

