{
	"actions" : 
	{
		"count" : 2,
		"data" : 
		[
			{
				"class_id" : "Post",
				"host_url" : "http://localhost:8384",
				"name" : "Comment",
				"object_id" : "262650593813279",
				"owner_vsID" : "112638136365359060811666331781839957994"
			},
			{
				"class_id" : "Post",
				"host_url" : "http://localhost:8385",
				"name" : "Reaction",
				"object_id" : "262650593813279",
				"owner_vsID" : "112638136365359060811666331781839957994"
			}
		]
	},
	"comments" : 
	{
		"count" : 2,
		"data" : 
		[
			{
				"created_time" : "2020-05-02T16:41:17+0000",
				"from" : 
				{
					"avatar_name" : "Peter",
					"vsID" : "1435196334234644184"
				},
				"id" : "112638136365359060811666331781839957994_262650593813279_262652393813099",
				"message" : "Professor Wu, can I get an extension even though I am an AT&T customer",
				"reactions" : 
				{
					"count" : 2,
					"data" : 
					[
						{
							"avatar_name" : "Peter",
							"created_time" : "2020-05-02T16:37:27+0000",
							"type" : "love",
							"vsID" : "1435196334234644184"
						},
						{
							"avatar_name" : "Oracle",
							"created_time" : "2020-05-02T16:39:14+0000",
							"type" : "angry",
							"vsID" : "112638136365359060811666331781839957994"
						}
					]
				}
			},
			{
				"created_time" : "2020-05-02T16:45:15+0000",
				"from" : 
				{
					"avatar_name" : "Oracle",
					"vsID" : "112638136365359060811666331781839957994"
				},
				"id" : "112638136365359060811666331781839957994_262650593813279_262654177146254",
				"message" : "AT&T customers got negative two days extension!",
				"reactions" : 
				{
					"count" : 2,
					"data" : 
					[
						{
							"avatar_name" : "Peter",
							"created_time" : "2020-05-02T16:45:27+0000",
							"type" : "sarcastic",
							"vsID" : "1435196334234644184"
						},
						{
							"avatar_name" : "Oracle",
							"created_time" : "2020-05-02T16:46:14+0000",
							"type" : "happy",
							"vsID" : "112638136365359060811666331781839957994"
						}
					]
				}
			}
		]
	},
	"created_time" : "2020-05-02T16:37:27+0000",
	"from" : 
	{
		"avatar_name" : "Oracle",
		"vsID" : "112638136365359060811666331781839957994"
	},
	"history" : 
	{
		"count" : 1,
		"data" : 
		[
			{
				"avatar_name" : "Oracle",
				"created_time" : "2020-06-09T17:22:24+0000",
				"location" : 
				{
					"latitude" : 169.19999999999999,
					"longtitude" : -220.40000000000001
				},
				"network" : 
				{
					"IPv4" : "169.237.6.102"
				},
				"vsID" : "112638136365359060811666331781839957993"
			}
		]
	},
	"id" : "112638136365359060811666331781839957994_262650593813279",
	"is_published" : true,
	"keys" : 
	{
		"count" : 3,
		"data" : 
		[
			"ecs36b",
			"Comcast",
			"Oracle"
		]
	},
	"links" : 
	{
		"count" : 1,
		"data" : 
		[
			{
				"class_id" : "photo",
				"object_id" : "281418948597993",
				"url" : "https://www.facebook.com/photo.php?fbid=10157251799685665"
			}
		]
	},
	"message" : "Just got my Internet back. Good luck to all of us as Comcast/Xfinity customers.",
	"reactions" : 
	{
		"count" : 1,
		"data" : 
		[
			{
				"avatar_name" : "Peter",
				"created_time" : "2020-05-02T16:37:27+0000",
				"type" : "sad",
				"vsID" : "1435196334234644184"
			}
		]
	},
	"to" : 
	{
		"count" : 1,
		"data" : 
		[
			{
				"avatar_name" : "Oracle",
				"vsID" : "112638136365359060811666331781839957994"
			}
		]
	},
	"updated_time" : "2020-05-02T16:45:18+0000"
}

