{
	"actions" : 
	{
		"count" : 2,
		"data" : 
		[
			{
				"class_id" : "Post",
				"host_url" : "http://localhost:8384",
				"name" : "Comment",
				"object_id" : "262650593813279",
				"owner_vsID" : "112638136365359060811666331781839957994"
			},
			{
				"class_id" : "Post",
				"host_url" : "http://localhost:8385",
				"name" : "Reaction",
				"object_id" : "262650593813279",
				"owner_vsID" : "112638136365359060811666331781839957994"
			}
		]
	},
	"comments" : 
	{
		"count" : 2,
		"data" : 
		[
			{
				"created_time" : "2020-05-02T16:41:17+0000",
				"from" : 
				{
					"avatar_name" : "Peter",
					"vsID" : "1435196334234644184"
				},
				"id" : "112638136365359060811666331781839957994_262650593813279_262652393813099",
				"message" : "Professor Wu, can I get an extension even though I am an AT&T customer",
				"reactions" : 
				{
					"count" : 2,
					"data" : 
					[
						{
							"avatar_name" : "Peter",
							"created_time" : "2020-05-02T16:37:27+0000",
							"type" : "love",
							"vsID" : "1435196334234644184"
						},
						{
							"avatar_name" : "Oracle",
							"created_time" : "2020-05-02T16:39:14+0000",
							"type" : "angry",
							"vsID" : "112638136365359060811666331781839957994"
						}
					]
				}
			},
			{
				"created_time" : "2020-05-02T16:45:15+0000",
				"from" : 
				{
					"avatar_name" : "Oracle",
					"vsID" : "112638136365359060811666331781839957994"
				},
				"id" : "112638136365359060811666331781839957994_262650593813279_262654177146254",
				"message" : "AT&T customers got negative two days extension!",
				"reactions" : 
				{
					"count" : 2,
					"data" : 
					[
						{
							"avatar_name" : "Peter",
							"created_time" : "2020-05-02T16:45:27+0000",
							"type" : "sarcastic",
							"vsID" : "1435196334234644184"
						},
						{
							"avatar_name" : "Oracle",
							"created_time" : "2020-05-02T16:46:14+0000",
							"type" : "happy",
							"vsID" : "112638136365359060811666331781839957994"
						}
					]
				}
			}
		]
	},
	"created_time" : "2020-05-02T16:37:27+0000",
	"from" : 
	{
		"avatar_name" : "Oracle",
		"vsID" : "112638136365359060811666331781839957994"
	},
	"history" : 
	{
		"count" : 21,
		"data" : 
		[
			{
				"avatar_name" : "Oracle",
				"created_time" : "2020-06-09T17:20:57+0000",
				"location" : 
				{
					"latitude" : 169.19999999999999,
					"longtitude" : -220.40000000000001
				},
				"network" : 
				{
					"IPv4" : "169.237.6.102"
				},
				"vsID" : "112638136365359060811666331781839957994"
			},
			{
				"avatar_name" : "Oracle",
				"created_time" : "2020-06-09T17:20:57+0000",
				"location" : 
				{
					"latitude" : 169.19999999999999,
					"longtitude" : -220.40000000000001
				},
				"network" : 
				{
					"IPv4" : "169.237.6.102"
				},
				"vsID" : "11859302946270317859608168321882140968"
			},
			{
				"avatar_name" : "Oracle",
				"created_time" : "2020-06-09T17:20:57+0000",
				"location" : 
				{
					"latitude" : 169.19999999999999,
					"longtitude" : -220.40000000000001
				},
				"network" : 
				{
					"IPv4" : "169.237.6.102"
				},
				"vsID" : "818825745475505662924811371419165400"
			},
			{
				"avatar_name" : "Oracle",
				"created_time" : "2020-06-09T17:20:57+0000",
				"location" : 
				{
					"latitude" : 169.19999999999999,
					"longtitude" : -220.40000000000001
				},
				"network" : 
				{
					"IPv4" : "169.237.6.102"
				},
				"vsID" : "8177752121943525221986898990725294075"
			},
			{
				"avatar_name" : "Oracle",
				"created_time" : "2020-06-09T17:20:57+0000",
				"location" : 
				{
					"latitude" : 169.19999999999999,
					"longtitude" : -220.40000000000001
				},
				"network" : 
				{
					"IPv4" : "169.237.6.102"
				},
				"vsID" : "12515186821992557833116282834489323171"
			},
			{
				"avatar_name" : "Oracle",
				"created_time" : "2020-06-09T17:20:57+0000",
				"location" : 
				{
					"latitude" : 169.19999999999999,
					"longtitude" : -220.40000000000001
				},
				"network" : 
				{
					"IPv4" : "169.237.6.102"
				},
				"vsID" : "14117703634638674229931737361465280220"
			},
			{
				"avatar_name" : "Oracle",
				"created_time" : "2020-06-09T17:20:57+0000",
				"location" : 
				{
					"latitude" : 169.19999999999999,
					"longtitude" : -220.40000000000001
				},
				"network" : 
				{
					"IPv4" : "169.237.6.102"
				},
				"vsID" : "1624264823201792799618689317201799923262"
			},
			{
				"avatar_name" : "Oracle",
				"created_time" : "2020-06-09T17:20:57+0000",
				"location" : 
				{
					"latitude" : 169.19999999999999,
					"longtitude" : -220.40000000000001
				},
				"network" : 
				{
					"IPv4" : "169.237.6.102"
				},
				"vsID" : "98412129116508861151150921893330530683"
			},
			{
				"avatar_name" : "Oracle",
				"created_time" : "2020-06-09T17:20:57+0000",
				"location" : 
				{
					"latitude" : 169.19999999999999,
					"longtitude" : -220.40000000000001
				},
				"network" : 
				{
					"IPv4" : "169.237.6.102"
				},
				"vsID" : "19001943559317188636759421571670037357"
			},
			{
				"avatar_name" : "Oracle",
				"created_time" : "2020-06-09T17:20:57+0000",
				"location" : 
				{
					"latitude" : 169.19999999999999,
					"longtitude" : -220.40000000000001
				},
				"network" : 
				{
					"IPv4" : "169.237.6.102"
				},
				"vsID" : "5394727131969212909651393301190342376"
			},
			{
				"avatar_name" : "Oracle",
				"created_time" : "2020-06-09T17:20:57+0000",
				"location" : 
				{
					"latitude" : 169.19999999999999,
					"longtitude" : -220.40000000000001
				},
				"network" : 
				{
					"IPv4" : "169.237.6.102"
				},
				"vsID" : "18624019064705984104187068431962220778"
			},
			{
				"avatar_name" : "Oracle",
				"created_time" : "2020-06-09T17:20:57+0000",
				"location" : 
				{
					"latitude" : 169.19999999999999,
					"longtitude" : -220.40000000000001
				},
				"network" : 
				{
					"IPv4" : "169.237.6.102"
				},
				"vsID" : "99343116131035561920051038741085942984"
			},
			{
				"avatar_name" : "Oracle",
				"created_time" : "2020-06-09T17:20:57+0000",
				"location" : 
				{
					"latitude" : 169.19999999999999,
					"longtitude" : -220.40000000000001
				},
				"network" : 
				{
					"IPv4" : "169.237.6.102"
				},
				"vsID" : "10010715482119430655578537248118179804"
			},
			{
				"avatar_name" : "Oracle",
				"created_time" : "2020-06-09T17:20:57+0000",
				"location" : 
				{
					"latitude" : 169.19999999999999,
					"longtitude" : -220.40000000000001
				},
				"network" : 
				{
					"IPv4" : "169.237.6.102"
				},
				"vsID" : "14632283691341808809662057154135091273"
			},
			{
				"avatar_name" : "Oracle",
				"created_time" : "2020-06-09T17:20:57+0000",
				"location" : 
				{
					"latitude" : 169.19999999999999,
					"longtitude" : -220.40000000000001
				},
				"network" : 
				{
					"IPv4" : "169.237.6.102"
				},
				"vsID" : "953138708112174002216480861381315138328"
			},
			{
				"avatar_name" : "Oracle",
				"created_time" : "2020-06-09T17:20:57+0000",
				"location" : 
				{
					"latitude" : 169.19999999999999,
					"longtitude" : -220.40000000000001
				},
				"network" : 
				{
					"IPv4" : "169.237.6.102"
				},
				"vsID" : "153371600689314024550851599369335475"
			},
			{
				"avatar_name" : "Oracle",
				"created_time" : "2020-06-09T17:20:57+0000",
				"location" : 
				{
					"latitude" : 169.19999999999999,
					"longtitude" : -220.40000000000001
				},
				"network" : 
				{
					"IPv4" : "169.237.6.102"
				},
				"vsID" : "21410554413467858092083093229832035136"
			},
			{
				"avatar_name" : "Oracle",
				"created_time" : "2020-06-09T17:20:57+0000",
				"location" : 
				{
					"latitude" : 169.19999999999999,
					"longtitude" : -220.40000000000001
				},
				"network" : 
				{
					"IPv4" : "169.237.6.102"
				},
				"vsID" : "56307055845342264413621510222129994875"
			},
			{
				"avatar_name" : "Oracle",
				"created_time" : "2020-06-09T17:20:57+0000",
				"location" : 
				{
					"latitude" : 169.19999999999999,
					"longtitude" : -220.40000000000001
				},
				"network" : 
				{
					"IPv4" : "169.237.6.102"
				},
				"vsID" : "730645956778655371681004256383860147"
			},
			{
				"avatar_name" : "Oracle",
				"created_time" : "2020-06-09T17:20:57+0000",
				"location" : 
				{
					"latitude" : 169.19999999999999,
					"longtitude" : -220.40000000000001
				},
				"network" : 
				{
					"IPv4" : "169.237.6.102"
				},
				"vsID" : "817114092187082158918574168691283593484"
			},
			{
				"avatar_name" : "Oracle",
				"created_time" : "2020-06-09T17:20:57+0000",
				"location" : 
				{
					"latitude" : 169.19999999999999,
					"longtitude" : -220.40000000000001
				},
				"network" : 
				{
					"IPv4" : "169.237.6.102"
				},
				"vsID" : "8461538041084378956344206493453983897"
			}
		]
	},
	"id" : "112638136365359060811666331781839957994_262650593813279",
	"is_published" : true,
	"keys" : 
	{
		"count" : 3,
		"data" : 
		[
			"ecs36b",
			"Comcast",
			"Oracle"
		]
	},
	"links" : 
	{
		"count" : 1,
		"data" : 
		[
			{
				"class_id" : "photo",
				"object_id" : "281418948597993",
				"url" : "https://www.facebook.com/photo.php?fbid=10157251799685665"
			}
		]
	},
	"message" : "Just got my Internet back. Good luck to all of us as Comcast/Xfinity customers.",
	"reactions" : 
	{
		"count" : 1,
		"data" : 
		[
			{
				"avatar_name" : "Peter",
				"created_time" : "2020-05-02T16:37:27+0000",
				"type" : "sad",
				"vsID" : "1435196334234644184"
			}
		]
	},
	"to" : 
	{
		"count" : 1,
		"data" : 
		[
			{
				"avatar_name" : "Oracle",
				"vsID" : "112638136365359060811666331781839957994"
			}
		]
	},
	"updated_time" : "2020-05-02T16:45:18+0000",
	"validated" : 1149055976
}

